Aim,Cov,Acc,Abs-true,Abs_false
0.7581719048560317,0.7788074059432032,0.7443681228174206,0.6944455425973513,0.08822231007445477
