Aim,Cov,Acc,Abs-true,Abs_false
0.7948622916254858,0.7950286617908676,0.7734548988601171,0.7304605653291164,0.07823351123410424
