Aim,Cov,Acc,Abs-true,Abs_false
0.753241088489161,0.7778487184555574,0.7395532713975093,0.6858667720893458,0.09006061804045595
