Aim,Cov,Acc,Abs-true,Abs_false
0.8799894577320947,0.8853923700336037,0.8655136061145156,0.8303419648151809,0.04573697041576069
