Aim,Cov,Acc,Abs-true,Abs_false
0.7479113131712457,0.7775403571193248,0.7345348224286744,0.6763787309745009,0.09190880938261843
