Aim,Cov,Acc,Abs-true,Abs_false
0.9335622982144037,0.9623426895960991,0.928335639454438,0.8884166831389603,0.02436911115503723
