K,Accuracy,Absolute-False
3100.0,0.8652269882058379,0.04578968175528761
