Aim,Cov,Acc,Abs-true,Abs_false
0.7571183369572373,0.7796283850563347,0.7432575607827627,0.6914014627396718,0.0887362456348422
