Aim,Cov,Acc,Abs-true,Abs_false
0.753763919,0.77101041,0.735698755,0.682150623,0.092080121
,,,,
75.38,77.1,73.57,68.22,9.21
