Aim,Cov,Acc,Abs-true,Abs_false
0.7500263556697631,0.7765414772352898,0.7366525004941685,0.681379719312117,0.09115437833563945
