Aim,Cov,Acc,Abs-true,Abs_false
0.926248599855044,0.9621318442379913,0.9219773341240035,0.8768926665348883,0.02662910983725374
